{"main":"accelerator-cim-finance-library.raml","name":"Accelerator CIM Finance Library","classifier":"raml-fragment","tags":[],"groupId":"org.mule.templates","assetId":"accelerator-cim-finance-library","version":"2.0.4","apiVersion":"v1","dependencies":[{"groupId":"org.mule.templates","assetId":"accelerator-cim-global-library","version":"2.0.1","scope":"","classifier":"","packaging":"","provided":false}],"metadata":{"projectId":"6a71200b-83cc-4879-9f37-6cbb6cc846d2","branchId":"master","commitId":"cf006b7d983193946b84fc46b8ff624738def22c"},"organizationId":"e0b4a150-f59b-46d4-ad25-5d98f9deb24a","originalFormatVersion":"1.0","descriptorVersion":"1.0.0"}