{
  "$schema": "http://json-schema.org/draft-07/schema#",
  "$ref": "#/definitions/PurchaseOrder",
  "definitions": {
    "PurchaseOrder": {
      "description": "Represents a request to purchase one or more products from a supplier",
      "type": "object",
      "additionalProperties": true,
      "required": [
        "id",
        "purchaseOrderPurpose",
        "purchaseOrderDate"
      ],
      "properties": {
        "id": {
          "anyOf": [
            {
              "type": "string"
            },
            {
              "type": "null"
            }
          ],
          "description": "Unique identifier for the entity, can be null on create if auto-generated"
        },
        "name": {
          "type": "string",
          "description": "Display name of the purchase order"
        },
        "purchaseOrderPurpose": {
          "type": "string",
          "description": "Indicates whether this is a new order or an update or cancellation to an existing order"
        },
        "purchaseOrderType": {
          "type": "string",
          "description": "Classification of the purchase order"
        },
        "purchaseOrderNumber": {
          "type": "string",
          "description": "Unique number for the purchase order"
        },
        "purchaseOrderDate": {
          "type": "string",
          "description": "Date the purchase order was created",
          "format": "date"
        },
        "quotationId": {
          "type": "string",
          "description": "References an associated quotation entry"
        },
        "customerId": {
          "type": "string",
          "description": "Account the purchase order is being made on behalf of"
        },
        "supplierOrganizationCode": {
          "type": "string",
          "description": "Code identifying the organization accepting the order"
        },
        "purchasingOrganizationCode": {
          "type": "string",
          "description": "Code identifying the organization that submitted the purchase order"
        },
        "billToCode": {
          "type": "string",
          "description": "Code supplied by the purchasing organization for invoicing purposes"
        },
        "buyerName": {
          "type": "string",
          "description": "Name of the individual responsible for the purchase order"
        },
        "buyerEmailAddress": {
          "type": "string",
          "description": "Email address of the individual responsible for the purchase order"
        },
        "orderDeliveryLocation": {
          "type": "object",
          "description": "Provides a default delivery location for all products in the purchase order",
          "additionalProperties": true,
          "required": [
            "id"
          ],
          "properties": {
            "id": {
              "anyOf": [
                {
                  "type": "string"
                },
                {
                  "type": "null"
                }
              ],
              "description": "Unique identifier for the entity, can be null on create if auto-generated"
            },
            "name": {
              "type": "string",
              "description": "Display name of the location"
            },
            "contactName": {
              "type": "string",
              "description": "Name of the person to contact at this location (for receiving shipments, as an example)"
            },
            "locationCode": {
              "type": "string",
              "description": "Alternate code associated with the location"
            },
            "locationType": {
              "type": "string",
              "description": "Reference to the type of location (for example, Bulding, Ship, Arena)"
            },
            "locationAddress": {
              "type": "object",
              "description": "Free-form or structured address of the location",
              "additionalProperties": true,
              "required": [
                "addressLine1"
              ],
              "properties": {
                "name": {
                  "type": "string",
                  "description": "Optional display name for the address"
                },
                "addressLine1": {
                  "type": "string",
                  "description": "The first address line can be used by itself for unstructured addresses"
                },
                "addressLine2": {
                  "type": "string",
                  "description": "Optional second line of the address"
                },
                "addressLine3": {
                  "type": "string",
                  "description": "Optional third line of the address"
                },
                "cityName": {
                  "type": "string",
                  "description": "Display name of the city for the address"
                },
                "stateProvinceName": {
                  "type": "string",
                  "description": "Display name of the state or province for the address"
                },
                "stateProvinceCode": {
                  "type": "string",
                  "description": "The ISO region code for the address"
                },
                "countryName": {
                  "type": "string",
                  "description": "Display name of the country for the address"
                },
                "countryCode": {
                  "type": "string",
                  "description": "The ISO country code for the address"
                },
                "postalCodeText": {
                  "type": "string",
                  "description": "The postal code for the address"
                },
                "geoAccuracyCode": {
                  "type": "string",
                  "description": "Provides more information about the latitude and longitude of the address"
                },
                "geoLatitude": {
                  "anyOf": [
                    {
                      "type": "number"
                    },
                    {
                      "type": "null"
                    }
                  ],
                  "description": "The latitude of the address"
                },
                "geoLongitude": {
                  "anyOf": [
                    {
                      "type": "number"
                    },
                    {
                      "type": "null"
                    }
                  ],
                  "description": "The longitude of the address"
                }
              }
            },
            "auditInfo": {
              "type": "object",
              "description": "Audit information for the entity",
              "additionalProperties": true,
              "required": [
                "isDeleted",
                "createdBy",
                "updatedBy",
                "updatedDate",
                "createdDate"
              ],
              "properties": {
                "createdDate": {
                  "anyOf": [
                    {
                      "type": "string",
                      "format": "date-time"
                    },
                    {
                      "type": "null"
                    }
                  ],
                  "description": "Timestamp of when the entity was created"
                },
                "createdBy": {
                  "type": "string",
                  "description": "Identifies the system or user which created the entity"
                },
                "updatedDate": {
                  "anyOf": [
                    {
                      "type": "string",
                      "format": "date-time"
                    },
                    {
                      "type": "null"
                    }
                  ],
                  "description": "Timestamp of when the entity was last updated"
                },
                "updatedBy": {
                  "type": "string",
                  "description": "Identifies the system or user which last updated the entity"
                },
                "isDeleted": {
                  "anyOf": [
                    {
                      "type": "boolean"
                    },
                    {
                      "type": "null"
                    }
                  ],
                  "description": "Indicates whether or not the entity has been soft-deleted"
                }
              }
            }
          }
        },
        "purchaseOrderProducts": {
          "type": "array",
          "description": "Line items for the purchase order, which can be a list of identifier references or complete objects (not both)",
          "items": {
            "anyOf": [
              {
                "type": "string"
              },
              {
                "description": "A shippable product or service that is part of a purchase order.",
                "type": "object",
                "additionalProperties": true,
                "required": [
                  "id",
                  "orderedQuantity",
                  "unitPrice"
                ],
                "properties": {
                  "id": {
                    "anyOf": [
                      {
                        "type": "string"
                      },
                      {
                        "type": "null"
                      }
                    ],
                    "description": "Unique identifier for the entity, can be null on create if auto-generated"
                  },
                  "name": {
                    "type": "string",
                    "description": "Display name of the purchase order product"
                  },
                  "description": {
                    "type": "string",
                    "description": "Description of the purchase order product"
                  },
                  "lineNumber": {
                    "anyOf": [
                      {
                        "type": "integer"
                      },
                      {
                        "type": "null"
                      }
                    ],
                    "description": "Line number of the purchase order product in a purchase order"
                  },
                  "productCode": {
                    "type": "string",
                    "description": "Supplier code of the product to be purchased"
                  },
                  "productName": {
                    "type": "string",
                    "description": "Name of the product, can be used if the supplier code is not known"
                  },
                  "orderedQuantity": {
                    "anyOf": [
                      {
                        "type": "number"
                      },
                      {
                        "type": "null"
                      }
                    ],
                    "description": "Number of product units requested"
                  },
                  "quantityUnitOfMeasure": {
                    "type": "string",
                    "description": "Unit of measure for the quantity requested"
                  },
                  "unitPrice": {
                    "anyOf": [
                      {
                        "type": "number"
                      },
                      {
                        "type": "null"
                      }
                    ],
                    "description": "Price per unit of product"
                  },
                  "requestedStartDate": {
                    "anyOf": [
                      {
                        "type": "string",
                        "format": "date"
                      },
                      {
                        "type": "null"
                      }
                    ],
                    "description": "Date when the seller expects the provisioning of the service or product to begin"
                  },
                  "requestedEndDate": {
                    "anyOf": [
                      {
                        "type": "string",
                        "format": "date"
                      },
                      {
                        "type": "null"
                      }
                    ],
                    "description": "Date when the seller expects the provisioning of the service or product to end"
                  },
                  "productDeliveryLocation": {
                    "type": "object",
                    "description": "Identifies the location and address the product is to be shipped to",
                    "additionalProperties": true,
                    "required": [
                      "id"
                    ],
                    "properties": {
                      "id": {
                        "anyOf": [
                          {
                            "type": "string"
                          },
                          {
                            "type": "null"
                          }
                        ],
                        "description": "Unique identifier for the entity, can be null on create if auto-generated"
                      },
                      "name": {
                        "type": "string",
                        "description": "Display name of the location"
                      },
                      "contactName": {
                        "type": "string",
                        "description": "Name of the person to contact at this location (for receiving shipments, as an example)"
                      },
                      "locationCode": {
                        "type": "string",
                        "description": "Alternate code associated with the location"
                      },
                      "locationType": {
                        "type": "string",
                        "description": "Reference to the type of location (for example, Bulding, Ship, Arena)"
                      },
                      "locationAddress": {
                        "type": "object",
                        "description": "Free-form or structured address of the location",
                        "additionalProperties": true,
                        "required": [
                          "addressLine1"
                        ],
                        "properties": {
                          "name": {
                            "type": "string",
                            "description": "Optional display name for the address"
                          },
                          "addressLine1": {
                            "type": "string",
                            "description": "The first address line can be used by itself for unstructured addresses"
                          },
                          "addressLine2": {
                            "type": "string",
                            "description": "Optional second line of the address"
                          },
                          "addressLine3": {
                            "type": "string",
                            "description": "Optional third line of the address"
                          },
                          "cityName": {
                            "type": "string",
                            "description": "Display name of the city for the address"
                          },
                          "stateProvinceName": {
                            "type": "string",
                            "description": "Display name of the state or province for the address"
                          },
                          "stateProvinceCode": {
                            "type": "string",
                            "description": "The ISO region code for the address"
                          },
                          "countryName": {
                            "type": "string",
                            "description": "Display name of the country for the address"
                          },
                          "countryCode": {
                            "type": "string",
                            "description": "The ISO country code for the address"
                          },
                          "postalCodeText": {
                            "type": "string",
                            "description": "The postal code for the address"
                          },
                          "geoAccuracyCode": {
                            "type": "string",
                            "description": "Provides more information about the latitude and longitude of the address"
                          },
                          "geoLatitude": {
                            "anyOf": [
                              {
                                "type": "number"
                              },
                              {
                                "type": "null"
                              }
                            ],
                            "description": "The latitude of the address"
                          },
                          "geoLongitude": {
                            "anyOf": [
                              {
                                "type": "number"
                              },
                              {
                                "type": "null"
                              }
                            ],
                            "description": "The longitude of the address"
                          }
                        }
                      },
                      "auditInfo": {
                        "type": "object",
                        "description": "Audit information for the entity",
                        "additionalProperties": true,
                        "required": [
                          "isDeleted",
                          "createdBy",
                          "updatedBy",
                          "updatedDate",
                          "createdDate"
                        ],
                        "properties": {
                          "createdDate": {
                            "anyOf": [
                              {
                                "type": "string",
                                "format": "date-time"
                              },
                              {
                                "type": "null"
                              }
                            ],
                            "description": "Timestamp of when the entity was created"
                          },
                          "createdBy": {
                            "type": "string",
                            "description": "Identifies the system or user which created the entity"
                          },
                          "updatedDate": {
                            "anyOf": [
                              {
                                "type": "string",
                                "format": "date-time"
                              },
                              {
                                "type": "null"
                              }
                            ],
                            "description": "Timestamp of when the entity was last updated"
                          },
                          "updatedBy": {
                            "type": "string",
                            "description": "Identifies the system or user which last updated the entity"
                          },
                          "isDeleted": {
                            "anyOf": [
                              {
                                "type": "boolean"
                              },
                              {
                                "type": "null"
                              }
                            ],
                            "description": "Indicates whether or not the entity has been soft-deleted"
                          }
                        }
                      }
                    }
                  },
                  "auditInfo": {
                    "type": "object",
                    "description": "Audit information for the entity",
                    "additionalProperties": true,
                    "required": [
                      "createdBy",
                      "isDeleted",
                      "updatedBy",
                      "updatedDate",
                      "createdDate"
                    ],
                    "properties": {
                      "createdDate": {
                        "anyOf": [
                          {
                            "type": "string",
                            "format": "date-time"
                          },
                          {
                            "type": "null"
                          }
                        ],
                        "description": "Timestamp of when the entity was created"
                      },
                      "createdBy": {
                        "type": "string",
                        "description": "Identifies the system or user which created the entity"
                      },
                      "updatedDate": {
                        "anyOf": [
                          {
                            "type": "string",
                            "format": "date-time"
                          },
                          {
                            "type": "null"
                          }
                        ],
                        "description": "Timestamp of when the entity was last updated"
                      },
                      "updatedBy": {
                        "type": "string",
                        "description": "Identifies the system or user which last updated the entity"
                      },
                      "isDeleted": {
                        "anyOf": [
                          {
                            "type": "boolean"
                          },
                          {
                            "type": "null"
                          }
                        ],
                        "description": "Indicates whether or not the entity has been soft-deleted"
                      }
                    }
                  }
                }
              }
            ]
          }
        },
        "externalIds": {
          "type": "array",
          "description": "External identifiers associated with the entity",
          "items": {
            "anyOf": [
              {
                "type": "string"
              },
              {
                "type": "object",
                "description": "Defines a structure for referencing an entity in external systems",
                "additionalProperties": true,
                "required": [
                  "externalIdType",
                  "externalId",
                  "id"
                ],
                "properties": {
                  "id": {
                    "anyOf": [
                      {
                        "type": "string"
                      },
                      {
                        "type": "null"
                      }
                    ],
                    "description": "Unique identifier for the entity, can be null on create if auto-generated"
                  },
                  "externalId": {
                    "type": "string",
                    "description": "A unique identifier assigned to an entity in another system"
                  },
                  "externalIdType": {
                    "type": "string",
                    "description": "Identifies the system that owns or otherwise recognizes this unique identifier"
                  },
                  "status": {
                    "enum": [
                      "VALID",
                      "INVALID"
                    ],
                    "description": "Indicates whether this identifier is currently valid or not",
                    "type": "string"
                  },
                  "statusLastChangedDate": {
                    "anyOf": [
                      {
                        "type": "string",
                        "format": "date-time"
                      },
                      {
                        "type": "null"
                      }
                    ],
                    "description": "Date and time of the last change in status"
                  }
                }
              }
            ]
          }
        },
        "auditInfo": {
          "type": "object",
          "description": "Audit information for the entity",
          "additionalProperties": true,
          "required": [
            "createdBy",
            "isDeleted",
            "updatedBy",
            "updatedDate",
            "createdDate"
          ],
          "properties": {
            "createdDate": {
              "anyOf": [
                {
                  "type": "string",
                  "format": "date-time"
                },
                {
                  "type": "null"
                }
              ],
              "description": "Timestamp of when the entity was created"
            },
            "createdBy": {
              "type": "string",
              "description": "Identifies the system or user which created the entity"
            },
            "updatedDate": {
              "anyOf": [
                {
                  "type": "string",
                  "format": "date-time"
                },
                {
                  "type": "null"
                }
              ],
              "description": "Timestamp of when the entity was last updated"
            },
            "updatedBy": {
              "type": "string",
              "description": "Identifies the system or user which last updated the entity"
            },
            "isDeleted": {
              "anyOf": [
                {
                  "type": "boolean"
                },
                {
                  "type": "null"
                }
              ],
              "description": "Indicates whether or not the entity has been soft-deleted"
            }
          }
        }
      }
    }
  }
}