{"main":"accelerator-cim-global-library.raml","name":"Accelerator CIM Global Library","classifier":"raml-fragment","tags":[],"groupId":"org.mule.templates","assetId":"accelerator-cim-global-library","version":"2.0.1","apiVersion":"v1","dependencies":[],"metadata":{"projectId":"9fdfff10-1b25-4ca2-aacf-c01bb9dd8e24","branchId":"master","commitId":"0d42d638b89e8794ec92e2eeda140174a51f7641"},"organizationId":"e0b4a150-f59b-46d4-ad25-5d98f9deb24a","originalFormatVersion":"1.0","descriptorVersion":"1.0.0"}