{"main":"accelerator-cim-fulfill-library.raml","name":"Accelerator CIM Fulfill Library","classifier":"raml-fragment","tags":[],"groupId":"org.mule.templates","assetId":"accelerator-cim-fulfill-library","version":"2.0.5","apiVersion":"v1","dependencies":[{"groupId":"org.mule.templates","assetId":"accelerator-cim-global-library","version":"2.0.1","scope":"","classifier":"","packaging":"","provided":false}],"metadata":{"projectId":"e3f2cb7b-03d9-4d15-b711-1b546ee35706","branchId":"master","commitId":"d8e7df2ebf2f53483bedeceee2cef1d97a31e02d"},"organizationId":"e0b4a150-f59b-46d4-ad25-5d98f9deb24a","originalFormatVersion":"1.0","descriptorVersion":"1.0.0"}