{
  "id": "af3d5c80-f237-11ec-9d38-02b65bc9fbca",
  "orderNoticeType": "OrderAllocationNotice",
  "purchaseOrderNumber": "ORD-02338301",
  "purchaseOrderDate": "2024-03-02",
  "purchasingOrganizationCode": "ORANGE",
  "buyerEmailAddress": "tbrown@buyer.com",
  "fulfillmentOrders": [
    {
      "id": "5c04fe11-aad1-4b68-81bd-dbe7e3de154f",
      "fulfillmentOrderNumber": "FO-0102",
      "fulfillmentOrderStatus": "Allocated",
      "purchaseOrderNumber": "ORD-09600630",
      "purchaseOrderDate": "2024-03-05",
      "salesOrderId": "12de8ad5-1b89-4616-99f7-ddd8b876a037",
      "customerId": "cd83649a-1eb6-4a75-86e4-5980b314a94b",
      "billToIndividualId": "3ccb6f6a-234a-41c3-a486-5afc7313ff57",
      "fulfilledToName": "Alycia Kunze",
      "fulfilledToEmailAddress": "akunze@example.net",
      "fulfilledToPhoneNumber": "",
      "fulfilledToLocation": {
        "id": null,
        "name": "Salesforce West",
        "contactName": "Ruby Friday",
        "locationCode": "338",
        "locationAddress": {
          "addressLine1": "50 Fremont St",
          "addressLine2": "Suite 1456",
          "cityName": "San Francisco",
          "stateProvinceCode": "CA",
          "countryCode": "US",
          "postalCodeText": "94105"
        }
      },
      "orderDeliveryGroupId": "66815379-cdaf-4883-b05a-fd726426fdcf",
      "orderDeliveryMethodId": "2bc5b273-8543-41f1-96a5-db032837c60d",
      "isReship": false,
      "isSuspended": false,
      "totalItemCount": 4.0,
      "totalAdjustmentAmount": 0.0,
      "totalAdjustmentTaxAmount": 0.0,
      "totalAdjustmentWithTaxAmount": 0.0,
      "totalDeliveryAdjustmentAmount": null,
      "totalDeliveryAdjustmentTaxAmount": null,
      "totalDeliveryAdjustmentWithTaxAmount": null,
      "totalDeliveryAmount": 200.0,
      "totalDeliveryTaxAmount": 14.0,
      "totalDeliveryWithTaxAmount": 214.0,
      "totalProductAmount": 4800.0,
      "totalProductTaxAmount": 480.0,
      "totalProductWithTaxAmount": 5280.0,
      "totalAmount": 5000.0,
      "totalTaxAmount": 494.0,
      "totalWithTaxAmount": 5494.0,
      "fulfillmentOrderProducts": [
        {
          "id": "ef2efbb9-59b8-4e0b-baf2-2cc8b3f26112",
          "lineNumber": 1,
          "productCode": "Services-181",
          "fulfillmentOrderId": "5c04fe11-aad1-4b68-81bd-dbe7e3de154f",
          "salesOrderProductId": "8e931313-1a1d-4284-9b81-c14c6f1c0387",
          "requestedStartDate": "2024-04-24",
          "requestedEndDate": "2024-04-28",
          "quantityUnitOfMeasure": "Days",
          "orderedQuantity": 4.0,
          "fulfilledQuantity": 4.0,
          "unitPrice": 1200.00,
          "grossUnitPrice": 1320.00,
          "totalAdjustmentAmount": 0.0,
          "totalAdjustmentTaxAmount": 0.0,
          "totalAdjustmentWithTaxAmount": 0.0,
          "totalProductAmount": 4800.0,
          "totalProductTaxAmount": 480.0,
          "totalProductWithTaxAmount": 5280.0,
          "totalAmount": 4800.0,
          "totalTaxAmount": 480.0,
          "totalWithTaxAmount": 5280.0
        }
      ]
    }
  ],
  "auditInfo": {
    "createdDate": "2024-02-15T15:03:01Z",
    "createdBy": "autoproc",
    "updatedDate": "2024-02-15T15:03:01Z",
    "updatedBy": "autoproc",
    "isDeleted": false
  }
}