{
  "id": "87a8234e-bbf3-46ed-a94e-a128b959be07",
  "name": "TS-Blue-M",
  "description": "Medium Sized Blue T-Shirt",
  "longDescription": "Medium Sized T-Shirt for Men, Colour Blue",
  "productInstance": "Product",
  "productCode": "TS-Blue-M",
  "productStatus": "Active",
  "primaryProductCategoryId": "021a697e-1865-4d8c-a9ab-9f0e575a847d",
  "primarySalesChannelId": "",
  "definingProductId": "",
  "businessUnitId": "",
  "glAccountCode": "MERCH",
  "brand": {
    "id": null,
    "name": "Summit",
    "brandGrade": "Value"
  },
  "productSku": "ZXWER12453",
  "manufacturerName": "Acme",
  "manufacturerPartNumber": "",
  "modelNumber": "A-S14743",
  "modelYear": 2020,
  "versionName": "",
  "versionNumber": "",
  "lotIdentifier": "",
  "packagedInCountryCode": "CN",
  "producedInCountryCode": "CN",
  "availabilityDate": "2020-12-07",
  "discontinuedDate": null,
  "validFromDate": "2020-12-07",
  "validToDate": null,
  "validForPeriodCount": null,
  "validForPeriodUnitOfMeasure": "",
  "canUseQuantitySchedule": false,
  "quantityScheduleType": "",
  "quantityInstallmentCount": null,
  "quantityInstallmentPeriod": "",
  "minimumOrderQuantityCount": 0,
  "maximumOrderQuantityCount": 100,
  "canUseRevenueSchedule": false,
  "revenueScheduleType": "",
  "revenueInstallmentCount": null,
  "revenueInstallmentPeriod": "",
  "priceChargeType": "EA",
  "requiresInvididualUnitPricing": true,
  "suggestedRetailPrice": 25.0,
  "requiredDepositAmount": 0.0,
  "requiredDepositPercentage": 0.0,
  "minimumAdvertisementAmount": null,
  "minimumAdvertisementAmountStartDate": null,
  "stockLedgerValuationAmount": 2500.0,
  "standardWarrantyLengthMonth": 0,
  "rewardProgramPointsCount": 5,
  "disposalType": "Donate or Trash",
  "allowCustomerReturn": true,
  "allowPartialRefund": false,
  "isAutoProvisionable": false,
  "isBackOrdered": false,
  "isCertified": false,
  "isCompetitiveProduct": false,
  "isCouponRedemptionAllowed": true,
  "isCustomerDiscountAllowed": false,
  "isDynamicBundle": false,
  "isEpaCompliant": false,
  "isFoodstampPaymentAllowed": false,
  "isInstallable": false,
  "isIntellectualPropertyProtected": false,
  "isManualPriceEntryRequired": false,
  "isMultipleCouponsAllowed": false,
  "isPartnerDiscountAllowed": true,
  "isPreOrderable": false,
  "isQualityVerificationRequired": false,
  "isQuantityEntryRequired": false,
  "isRainCheckAllowed": true,
  "isReturnable": true,
  "isSellable": false,
  "isSellableIndependently": true,
  "isSellableWithoutPrice": false,
  "isSerialized": false,
  "isWeightEntryRequired": false,
  "isWorkerDiscountAllowed": true,
  "productAttributes": [
    {
      "id": null,
      "name": "Color",
      "productAttributeValues": [
        {
          "id": null,
          "attributeValue": "Blue"
        }
      ]
    },
    {
      "id": null,
      "name": "Size",
      "productAttributeValues": [
        {
          "id": null,
          "attributeValue": "Medium"
        }
      ]
    }
  ],
  "productImages": [
    "672f0064-bfcc-46c2-a336-2775d9906f0a"
  ],
  "productCollateral": [
    "c36d22a6-3c97-4f05-bf8c-61c0aed0e49b"
  ],
  "relatedProducts": [
    "e7e85b6b-3d6d-412f-9a94-b78a9b351513"
  ],
  "externalIds": [],
  "auditInfo": {
    "createdDate": "2023-12-12T19:24:05Z",
    "createdBy": "Application Admin",
    "updatedDate": "2023-12-12T19:24:05Z",
    "updatedBy": "Application Admin",
    "isDeleted": true
  }
}