{
  "id": "bc161798-5d38-4227-ae08-8cf6fd73d16c",
  "name": "Adidas Men's Lite Racer Running Shoes",
  "description": "Adidas Men's Lite Racer Adapt 3.0 Running Shoe",
  "productInstance": "GoodsProduct",
  "productStatus": "Active",
  "productSku": "PTS19002021",
  "manufacturerName": "Adidas",
  "availabilityDate": "2023-12-31",
  "suggestedRetailPrice": 72.0,
  "isSellable": true,
  "isPreOrderable": true,
  "color": "White",
  "style": "Runner",
  "pattern": "Mesh",
  "fabric": "Nylon",
  "width": 3.5,
  "height": 4.3,
  "depth": 10.5,
  "diameter": null,
  "ageCategory": "All",
  "gender": "Male",
  "season": "All",
  "sizeUnitOfMeasure": "IN",
  "physicalForm": "Solid",
  "packageType": "Boxed",
  "packageProductQuantity": 1,
  "netWeight": 2.5,
  "tareWeight": 1.2,
  "grossWeight": 3.7,
  "drainedWeight": null,
  "weightUnitOfMeasure": "LB",
  "productSecurityRequirement": "None",
  "environmentRequirement": "None",
  "requiredTemperatureLowestNumber": null,
  "requiredTemperatureHighestNumber": null,
  "requiredTemperatureUnitOfMeasure": "",
  "requiredCleanupProcess": "",
  "requiresUnitPriceLabel": true,
  "maxHoldingDayCount": null,
  "isMadeToOrder": false,
  "isPerishable": false,
  "canProductExpand": false,
  "externalIds": [],
  "auditInfo": {
    "createdDate": "2023-12-12T19:24:05Z",
    "createdBy": "Application Admin",
    "updatedDate": "2023-12-12T19:24:05Z",
    "updatedBy": "Application Admin",
    "isDeleted": true
  }
}