{
  "id": "cb45464a-dbe0-4b4c-8f7f-445dee3cbaa9",
  "name": "P-000000014",
  "paymentInstance": "Payment",
  "paymentNumber": "P-000000014",
  "paymentType": "Credit",
  "paymentStatus": "Paid",
  "customerId": "a0193244-4aca-4dde-a5ab-b00b3e479b1f",
  "customerEmailAddress": "johnf@example.net",
  "customerPhoneNumber": "888-555-01234",
  "purchaseOrderNumber": "ORD-49835671",
  "salesOrderPaymentSummaryId": "81ef887a-916c-41fc-a995-666698bdda1c",
  "paymentMethodId": "b4c2d39e-36a5-416e-b580-b61dfde1e465",
  "paymentGroup": "",
  "paymentTreatment": "3c5238d1-a3bf-4001-8c9f-4da17e1f7e4e",
  "paymentEffectiveDate": "2023-01-03",
  "paymentCancellationDate": null,
  "internalOrganizationId": "",
  "authorizationProcessingMode": "Internal",
  "paymentGateway": "7cffa532-02a6-11ed-b939-0242ac120002",
  "latestGatewayDate": "2023-12-02",
  "latestGatewayReferenceNumber": "1564628",
  "latestGatewayResultCode": "Processed",
  "latestGatewayInternalReferenceNumber": "675763",
  "latestGatewayInternalResultCode": "100",
  "latestPaymentGatewayMessageText": "",
  "ipAddress": "116.161.101.202",
  "macAddress": "68-53-41-11-D3-25",
  "paymentAmount": 636.0,
  "balanceAmount": 0.0,
  "totalAppliedAmount": 636.0,
  "totalUnappliedAmount": 0.0,
  "netAppliedAmount": 0.0,
  "commentText": "Paid in full via credit card on file",
  "externalCreatedDate": null,
  "externalIds": [],
  "auditInfo": {
    "createdDate": "2023-04-30T17:25:11.128Z",
    "createdBy": "Application Admin",
    "updatedDate": "2023-04-30T17:25:11.128Z",
    "updatedBy": "Application Admin",
    "isDeleted": false
  }
}