{
  "id": "3c5238d1-a3bf-4001-8c9f-4da17e1f7e4e",
  "paymentMethodInstance": "CreditTender",
  "paymentMethodType": {
    "id": null,
    "name": "Account",
    "description": "Payment via an assigned account",
    "mediaType": "None"
  },
  "paymentMethodStatus": "Active",
  "customerId": "ceabd182-23af-4f2e-a246-66d5ce0bcc1d",
  "creditAssignmentAccountId": "3c80e525-8957-4556-8220-46127261c72b",
  "purchaseOrderId": "",
  "auditInfo": {
    "createdDate": "2022-04-30T17:25:11.128Z",
    "createdBy": "Application Admin",
    "updatedDate": "2022-04-30T17:25:11.128Z",
    "updatedBy": "Application Admin",
    "isDeleted": false
  }
}