{
  "id": "1de8ed0e-02ad-11ed-b939-0242ac120002",
  "paymentAuthorizationNumber": "4142512528397166",
  "paymentAuthorizationStatus": "Authorized",
  "paymentAuthorizationProcessingMode": "Internal",
  "salesOrderPaymentSummaryId": "1fc5f181-92da-46dd-8a48-d7387d26c550",
  "paymentGroup": "",
  "paymentMethodId": "0651d3d3-1b08-495a-999d-20330f5755c0",
  "paymentGateway": "6faa21ba-5a97-445b-afaa-4d866f0388f5",
  "gatewayRequestDateTime": "2023-04-21T01:12:28.801Z",
  "paymentGatewayDateTime": "2023-04-21T01:13:12.924Z",
  "gatewayAuthorizationCode": "542845",
  "paymentGatewayReferenceNumber": "8B566A5B-8C2F-47E7-A4EC-18C26001ADEA",
  "paymentGatewayResultCode": "100",
  "gatewayResultCodeDescription": "Authorized",
  "paymentGatewayInternalReferenceNumber": "",
  "paymentGatewayInternalResultCode": "",
  "gatewayReferenceDetailsText": "",
  "ipAddress": "116.161.101.202",
  "macAddress": "68-53-41-11-D3-25",
  "expirationDate": "2033-04-22",
  "authorizationAmount": 261.0,
  "availableBalanceAmount": 3500.0,
  "totalPaymentCaptureAmount": 261.0,
  "totalAuthorizationReversalAmount": 0.0,
  "commentText": "Authorized to pay in full",
  "externalCreatedDate": null,
  "auditInfo": {
    "createdDate": "2021-04-21T01:12:28.801Z",
    "createdBy": "Application Admin",
    "updatedDate": "2021-04-21T01:12:28.801Z",
    "updatedBy": "Application Admin",
    "isDeleted": false
  }
}