{
  "id": "13e1ca49-6862-4e5d-a26b-637cdfd98d6f",
  "description": "Invoice for Orange Tree",
  "invoiceNumber": "DOC-000000006",
  "purchaseOrderNumber": "ORD-49835671",
  "purchaseOrderDate": "2024-03-01",
  "fulfillmentOrderId": "fb5b628f-adb0-4529-9fbc-5dc8b98c415b",
  "salesOrderId": "fb5b628f-adb0-4529-9fbc-5dc8b98c415b",
  "billToCustomerId": "e6971f82-e4a4-47cf-b920-e9d1e4097bbd",
  "billToIndividualId": "ed7cd94e-f9af-4a67-b6ae-69b97dbbea80",
  "invoiceStatus": "Unpaid",
  "invoiceDate": "2024-03-01",
  "dueDate": null,
  "balance": 53.9,
  "totalAdjustmentAmount": 0.0,
  "totalAdjustmentTaxAmount": 0.0,
  "totalAdjustmentWithTaxAmount": 0.0,
  "totalChargeAmount": 49.0,
  "totalChargeTaxAmount": 4.9,
  "totalChargeWithTaxAmount": 53.9,
  "totalAmount": 49.0,
  "totalTaxAmount": 4.9,
  "totalWithTaxAmount": 53.9,
  "invoiceLines": [
    {
      "id": null,
      "name": "Standard Merchandise",
      "lineNumber": 1,
      "invoiceLineType": "Charge",
      "invoiceLineStatus": "Unpaid",
      "fulfillmentOrderProductId": "12ea2ef0-665f-4d96-95f8-6b64fe2f480e",
      "salesOrderProductId": "c5fab4e7-f942-415b-8f26-4cbd7104e3ac",
      "productId": "2ff88028-754b-4ce9-a7e0-4be47c7a1476",
      "productCode": "StdMerch",
      "lineStartDate": "2024-03-01",
      "lineEndDate": "2024-03-01",
      "lineQuantity": 2,
      "unitPrice": 24.50,
      "grossUnitPrice": 26.95,
      "totalAdjustmentAmount": 0.0,
      "totalAdjustmentTaxAmount": 0.0,
      "totalAdjustmentWithTaxAmount": 0.0,
      "totalChargeAmount": 49.0,
      "totalChargeTaxAmount": 4.9,
      "totalChargeWithTaxAmount": 53.9,
      "totalAmount": 49.0,
      "totalTaxAmount": 4.9,
      "totalWithTaxAmount": 53.9,
      "taxCode": "HST",
      "taxName": "Harmonized Sales Tax",
      "taxRatePercent": 10.0,
      "taxEffectiveDate": null
    }
  ],
  "externalIds": [],
  "auditInfo": {
    "createdDate": "2023-01-17T22:17:31.57Z",
    "createdBy": "Application Admin",
    "updatedDate": "2023-01-17T22:17:31.57Z",
    "updatedBy": "Application Admin",
    "isDeleted": true
  }
}