{"main":"accelerator-cim-produce-library.raml","name":"Accelerator CIM Produce Library","classifier":"raml-fragment","tags":[],"groupId":"org.mule.templates","assetId":"accelerator-cim-produce-library","version":"2.0.8","apiVersion":"v1","dependencies":[{"groupId":"org.mule.templates","assetId":"accelerator-cim-global-library","version":"2.0.1","scope":"","classifier":"","packaging":"","provided":false}],"metadata":{"projectId":"970076cb-2cdd-4611-9b68-677382df8125","branchId":"master","commitId":"1cdd95c3d0092d00f1fe31c70c03497bf17f15b5"},"organizationId":"e0b4a150-f59b-46d4-ad25-5d98f9deb24a","originalFormatVersion":"1.0","descriptorVersion":"1.0.0"}