{
  "$schema": "http://json-schema.org/draft-07/schema#",
  "$ref": "#/definitions/AuditInfo",
  "definitions": {
    "AuditInfo": {
      "description": "Defines standard system audit fields available for most types",
      "type": "object",
      "additionalProperties": true,
      "required": [
        "createdDate",
        "createdBy",
        "updatedDate",
        "updatedBy",
        "isDeleted"
      ],
      "properties": {
        "createdDate": {
          "anyOf": [
            {
              "type": "string",
              "format": "date-time"
            },
            {
              "type": "null"
            }
          ],
          "description": "Timestamp of when the entity was created"
        },
        "createdBy": {
          "type": "string",
          "description": "Identifies the system or user which created the entity"
        },
        "updatedDate": {
          "anyOf": [
            {
              "type": "string",
              "format": "date-time"
            },
            {
              "type": "null"
            }
          ],
          "description": "Timestamp of when the entity was last updated"
        },
        "updatedBy": {
          "type": "string",
          "description": "Identifies the system or user which last updated the entity"
        },
        "isDeleted": {
          "anyOf": [
            {
              "type": "boolean"
            },
            {
              "type": "null"
            }
          ],
          "description": "Indicates whether or not the entity has been soft-deleted"
        }
      }
    }
  }
}