{
  "$schema": "http://json-schema.org/draft-07/schema#",
  "$ref": "#/definitions/ShipmentProductPriceAdjustment",
  "definitions": {
    "ShipmentProductPriceAdjustment": {
      "description": "A change to the price of an ordered product or service that is made after fulfillment",
      "type": "object",
      "additionalProperties": true,
      "required": [
        "id",
        "adjustmentAmount"
      ],
      "properties": {
        "id": {
          "anyOf": [
            {
              "type": "string"
            },
            {
              "type": "null"
            }
          ],
          "description": "Unique identifier for the entity, can be null on create if auto-generated"
        },
        "description": {
          "type": "string",
          "description": "Description of the shipment product price adjustment"
        },
        "adjustmentAmount": {
          "type": "number",
          "description": "Adjustment amount for the shipment product"
        },
        "adjustmentTaxAmount": {
          "anyOf": [
            {
              "type": "number"
            },
            {
              "type": "null"
            }
          ],
          "description": "Tax on the adjustment amount"
        },
        "adjustmentAmountWithTax": {
          "anyOf": [
            {
              "type": "number"
            },
            {
              "type": "null"
            }
          ],
          "description": "Sum of adjustmentAmount + adjustmentTaxAmount"
        },
        "auditInfo": {
          "type": "object",
          "description": "Audit information for the entity",
          "additionalProperties": true,
          "required": [
            "createdBy",
            "isDeleted",
            "updatedBy",
            "updatedDate",
            "createdDate"
          ],
          "properties": {
            "createdDate": {
              "anyOf": [
                {
                  "type": "string",
                  "format": "date-time"
                },
                {
                  "type": "null"
                }
              ],
              "description": "Timestamp of when the entity was created"
            },
            "createdBy": {
              "type": "string",
              "description": "Identifies the system or user which created the entity"
            },
            "updatedDate": {
              "anyOf": [
                {
                  "type": "string",
                  "format": "date-time"
                },
                {
                  "type": "null"
                }
              ],
              "description": "Timestamp of when the entity was last updated"
            },
            "updatedBy": {
              "type": "string",
              "description": "Identifies the system or user which last updated the entity"
            },
            "isDeleted": {
              "anyOf": [
                {
                  "type": "boolean"
                },
                {
                  "type": "null"
                }
              ],
              "description": "Indicates whether or not the entity has been soft-deleted"
            }
          }
        }
      }
    }
  }
}