{"main":"accel-b2b-common-library.raml","name":"Accelerator B2B Common Library","classifier":"raml-fragment","tags":[],"groupId":"org.mule.templates","assetId":"accel-b2b-common-library","version":"1.0.10","apiVersion":"v1","dependencies":[{"groupId":"org.mule.templates","assetId":"accelerator-cim-produce-library","version":"2.0.8","scope":"","classifier":"","packaging":"","provided":false},{"groupId":"org.mule.templates","assetId":"accelerator-cim-fulfill-library","version":"2.0.5","scope":"","classifier":"","packaging":"","provided":false},{"groupId":"org.mule.templates","assetId":"accelerator-cim-finance-library","version":"2.0.4","scope":"","classifier":"","packaging":"","provided":false}],"metadata":{"projectId":"2f05d056-145d-4d8e-be49-f99ab7c7bc63","branchId":"master","commitId":"c6f1f05deea708e3489f8c9a58e4946905f5eed2"},"organizationId":"e0b4a150-f59b-46d4-ad25-5d98f9deb24a","originalFormatVersion":"1.0","descriptorVersion":"1.0.0"}