{
  "$schema": "http://json-schema.org/draft-07/schema#",
  "$ref": "#/definitions/Coupon",
  "definitions": {
    "Coupon": {
      "description": "Payment in the form of a voucher entitling the holder to a discount for a particular product",
      "type": "object",
      "discriminatorValue": "Coupon",
      "discriminator": "paymentMethodInstance",
      "additionalProperties": true,
      "required": [
        "id",
        "paymentMethodStatus",
        "paymentMethodInstance"
      ],
      "properties": {
        "couponCode": {
          "type": "string",
          "description": "An alphanumeric code used to promote and identify the coupon"
        },
        "scanCode": {
          "type": "string",
          "description": "A bar or QR code used to promote and identify the coupon"
        },
        "primaryScanCodeLabel": {
          "type": "string",
          "description": "Verbiage on the coupon used to identify the primary scan code"
        },
        "secondaryScanCodeLabel": {
          "type": "string",
          "description": "Verbiage on the coupon used to identify the secondary scan code"
        },
        "expirationDate": {
          "anyOf": [
            {
              "type": "string",
              "format": "date"
            },
            {
              "type": "null"
            }
          ],
          "description": "Date the coupon expires and becomes invalid"
        },
        "customerId": {
          "type": "string",
          "description": "Customer who has been given the coupon"
        },
        "discountAmount": {
          "anyOf": [
            {
              "type": "number"
            },
            {
              "type": "null"
            }
          ],
          "description": "Amount of price reduction from the standard price, expressed as a fixed amount"
        },
        "discountPercentage": {
          "anyOf": [
            {
              "type": "number"
            },
            {
              "type": "null"
            }
          ],
          "description": "Amount of price reduction from the standard price, expressed as a decimal fraction"
        },
        "couponStatus": {
          "type": "string",
          "description": "Current status of the coupon"
        },
        "isValid": {
          "anyOf": [
            {
              "type": "boolean"
            },
            {
              "type": "null"
            }
          ],
          "description": "True if the coupon is valid and unexpired, false otherwise"
        },
        "isReturnCoupon": {
          "anyOf": [
            {
              "type": "boolean"
            },
            {
              "type": "null"
            }
          ],
          "description": "True if the coupon represents a credit for a return, false otherwise"
        },
        "returnCouponReason": {
          "type": "string",
          "description": "Reason the return coupon was created"
        },
        "id": {
          "anyOf": [
            {
              "type": "string"
            },
            {
              "type": "null"
            }
          ],
          "description": "Unique identifier for the entity, can be null on create if auto-generated"
        },
        "paymentMethodInstance": {
          "type": "string",
          "description": "Discriminator property identifying the specific payment method instance type, such as PaymentCard"
        },
        "paymentMethodType": {
          "anyOf": [
            {
              "type": "string"
            },
            {
              "description": "The category of payment method, such as payment card, check or digital wallet",
              "type": "object",
              "additionalProperties": true,
              "required": [
                "id"
              ],
              "properties": {
                "id": {
                  "anyOf": [
                    {
                      "type": "string"
                    },
                    {
                      "type": "null"
                    }
                  ],
                  "description": "Unique identifier for the entity, can be null on create if auto-generated"
                },
                "name": {
                  "type": "string",
                  "description": "Name of the payment method type"
                },
                "description": {
                  "type": "string",
                  "description": "Longer description of the payment method type"
                },
                "mediaType": {
                  "type": "string",
                  "description": "Type of payment media, such as paper or magnetic card, for the payment method type"
                },
                "requiredIdentificationType": {
                  "type": "string",
                  "description": "Type of identification required for the payment method type"
                },
                "minimumAgeYear": {
                  "anyOf": [
                    {
                      "type": "integer"
                    },
                    {
                      "type": "null"
                    }
                  ],
                  "description": "Specifies a minimum age requirement for the payment method type"
                },
                "maxTransactionAmount": {
                  "anyOf": [
                    {
                      "type": "number"
                    },
                    {
                      "type": "null"
                    }
                  ],
                  "description": "Maximum transaction amount accepted for the payment method type"
                },
                "maxTransactionUnitOfMeasure": {
                  "type": "string",
                  "description": "Unit of measure for the maximum transaction amount"
                },
                "maxPerPeriodAmount": {
                  "anyOf": [
                    {
                      "type": "number"
                    },
                    {
                      "type": "null"
                    }
                  ],
                  "description": "Maximum amount, for all transactions during a transaction period, accepted for the payment method type"
                },
                "maxPerPeriodUnitOfMeasure": {
                  "type": "string",
                  "description": "Unit of measure for the maximum per period amount"
                },
                "maxPerPeriodTransactionCount": {
                  "anyOf": [
                    {
                      "type": "integer"
                    },
                    {
                      "type": "null"
                    }
                  ],
                  "description": "Maximum number of transactions accepted during a transaction period for the payment method type"
                },
                "auditInfo": {
                  "type": "object",
                  "description": "Audit information for the entity",
                  "additionalProperties": true,
                  "required": [
                    "createdBy",
                    "isDeleted",
                    "updatedBy",
                    "updatedDate",
                    "createdDate"
                  ],
                  "properties": {
                    "createdDate": {
                      "anyOf": [
                        {
                          "type": "string",
                          "format": "date-time"
                        },
                        {
                          "type": "null"
                        }
                      ],
                      "description": "Timestamp of when the entity was created"
                    },
                    "createdBy": {
                      "type": "string",
                      "description": "Identifies the system or user which created the entity"
                    },
                    "updatedDate": {
                      "anyOf": [
                        {
                          "type": "string",
                          "format": "date-time"
                        },
                        {
                          "type": "null"
                        }
                      ],
                      "description": "Timestamp of when the entity was last updated"
                    },
                    "updatedBy": {
                      "type": "string",
                      "description": "Identifies the system or user which last updated the entity"
                    },
                    "isDeleted": {
                      "anyOf": [
                        {
                          "type": "boolean"
                        },
                        {
                          "type": "null"
                        }
                      ],
                      "description": "Indicates whether or not the entity has been soft-deleted"
                    }
                  }
                }
              }
            }
          ],
          "description": "Actual type of payment, such as Cash Tender or Bank Transfer"
        },
        "paymentMethodStatus": {
          "type": "string",
          "description": "Status of the payment method"
        },
        "auditInfo": {
          "type": "object",
          "description": "Audit information for the entity",
          "additionalProperties": true,
          "required": [
            "createdBy",
            "isDeleted",
            "updatedBy",
            "updatedDate",
            "createdDate"
          ],
          "properties": {
            "createdDate": {
              "anyOf": [
                {
                  "type": "string",
                  "format": "date-time"
                },
                {
                  "type": "null"
                }
              ],
              "description": "Timestamp of when the entity was created"
            },
            "createdBy": {
              "type": "string",
              "description": "Identifies the system or user which created the entity"
            },
            "updatedDate": {
              "anyOf": [
                {
                  "type": "string",
                  "format": "date-time"
                },
                {
                  "type": "null"
                }
              ],
              "description": "Timestamp of when the entity was last updated"
            },
            "updatedBy": {
              "type": "string",
              "description": "Identifies the system or user which last updated the entity"
            },
            "isDeleted": {
              "anyOf": [
                {
                  "type": "boolean"
                },
                {
                  "type": "null"
                }
              ],
              "description": "Indicates whether or not the entity has been soft-deleted"
            }
          }
        }
      }
    }
  }
}