{
  "$schema": "http://json-schema.org/draft-07/schema#",
  "$ref": "#/definitions/PaymentCard",
  "definitions": {
    "PaymentCard": {
      "description": "A payment system issued by a financial instutition to a customer, which allows the cardholder to access funds",
      "type": "object",
      "discriminatorValue": "PaymentCard",
      "discriminator": "paymentMethodInstance",
      "additionalProperties": true,
      "required": [
        "paymentCardType",
        "bankIdentificationNumber",
        "name",
        "id",
        "cardHolderName",
        "paymentMethodStatus",
        "expirationYear",
        "expirationMonth",
        "paymentMethodInstance",
        "numberLastDigits",
        "maskedNumber",
        "issueNumber",
        "cardToken"
      ],
      "properties": {
        "name": {
          "type": "string",
          "description": "Name of the payment card"
        },
        "companyName": {
          "type": "string",
          "description": "Name of a company which employs the bill-to card user"
        },
        "cardHolderName": {
          "type": "string",
          "description": "Full name of the person to whom the card was issued, as shown on the card"
        },
        "cardOwnershipType": {
          "type": "string",
          "description": "Represents If the card is Primary, Secondary or Authorized"
        },
        "maskedNumber": {
          "type": "string",
          "description": "Complete payment credit card number, in masked format"
        },
        "bankIdentificationNumber": {
          "type": "string",
          "description": "Usually the first 4 digits of a card number is the Bank Identification Number"
        },
        "numberLastDigits": {
          "type": "string",
          "description": "Last 4 digits of the payment card number, in clear text"
        },
        "paymentCardType": {
          "type": "string",
          "description": "Defines the type of payment card, such as Visa or Discover"
        },
        "derivedCardTypeCode": {
          "type": "string",
          "description": "Stores values similar to payment card type, but is determined by application logic using the the Card BIN"
        },
        "cardToken": {
          "type": "string",
          "description": "A number or value generated by the issuer, which serves as a proxy for the actual payment card number"
        },
        "issueNumber": {
          "type": "string",
          "description": "A 3 or 4-digit number printed on the back of the payment card"
        },
        "isActive": {
          "anyOf": [
            {
              "type": "boolean"
            },
            {
              "type": "null"
            }
          ],
          "description": "True if the card is currently active and valid, false otherwise"
        },
        "hasExpired": {
          "anyOf": [
            {
              "type": "boolean"
            },
            {
              "type": "null"
            }
          ],
          "description": "True if the payment card has expired, false otherwise"
        },
        "expirationMonth": {
          "type": "string",
          "description": "Month of the payment card expiration date"
        },
        "expirationYear": {
          "type": "string",
          "description": "Year of the payment card expiration date"
        },
        "billToFirstName": {
          "type": "string",
          "description": "First or given name of the person to be billed"
        },
        "billToLastName": {
          "type": "string",
          "description": "Last or family name of the person to be billed"
        },
        "billToAddress": {
          "type": "object",
          "description": "Billing address for the payment card holder",
          "additionalProperties": true,
          "required": [
            "addressLine1"
          ],
          "properties": {
            "name": {
              "type": "string",
              "description": "Optional display name for the address"
            },
            "addressLine1": {
              "type": "string",
              "description": "The first address line can be used by itself for unstructured addresses"
            },
            "addressLine2": {
              "type": "string",
              "description": "Optional second line of the address"
            },
            "addressLine3": {
              "type": "string",
              "description": "Optional third line of the address"
            },
            "cityName": {
              "type": "string",
              "description": "Display name of the city for the address"
            },
            "stateProvinceName": {
              "type": "string",
              "description": "Display name of the state or province for the address"
            },
            "stateProvinceCode": {
              "type": "string",
              "description": "The ISO region code for the address"
            },
            "countryName": {
              "type": "string",
              "description": "Display name of the country for the address"
            },
            "countryCode": {
              "type": "string",
              "description": "The ISO country code for the address"
            },
            "postalCodeText": {
              "type": "string",
              "description": "The postal code for the address"
            },
            "geoAccuracyCode": {
              "type": "string",
              "description": "Provides more information about the latitude and longitude of the address"
            },
            "geoLatitude": {
              "anyOf": [
                {
                  "type": "number"
                },
                {
                  "type": "null"
                }
              ],
              "description": "The latitude of the address"
            },
            "geoLongitude": {
              "anyOf": [
                {
                  "type": "number"
                },
                {
                  "type": "null"
                }
              ],
              "description": "The longitude of the address"
            }
          }
        },
        "id": {
          "anyOf": [
            {
              "type": "string"
            },
            {
              "type": "null"
            }
          ],
          "description": "Unique identifier for the entity, can be null on create if auto-generated"
        },
        "paymentMethodInstance": {
          "type": "string",
          "description": "Discriminator property identifying the specific payment method instance type, such as PaymentCard"
        },
        "paymentMethodType": {
          "anyOf": [
            {
              "type": "string"
            },
            {
              "description": "The category of payment method, such as payment card, check or digital wallet",
              "type": "object",
              "additionalProperties": true,
              "required": [
                "id"
              ],
              "properties": {
                "id": {
                  "anyOf": [
                    {
                      "type": "string"
                    },
                    {
                      "type": "null"
                    }
                  ],
                  "description": "Unique identifier for the entity, can be null on create if auto-generated"
                },
                "name": {
                  "type": "string",
                  "description": "Name of the payment method type"
                },
                "description": {
                  "type": "string",
                  "description": "Longer description of the payment method type"
                },
                "mediaType": {
                  "type": "string",
                  "description": "Type of payment media, such as paper or magnetic card, for the payment method type"
                },
                "requiredIdentificationType": {
                  "type": "string",
                  "description": "Type of identification required for the payment method type"
                },
                "minimumAgeYear": {
                  "anyOf": [
                    {
                      "type": "integer"
                    },
                    {
                      "type": "null"
                    }
                  ],
                  "description": "Specifies a minimum age requirement for the payment method type"
                },
                "maxTransactionAmount": {
                  "anyOf": [
                    {
                      "type": "number"
                    },
                    {
                      "type": "null"
                    }
                  ],
                  "description": "Maximum transaction amount accepted for the payment method type"
                },
                "maxTransactionUnitOfMeasure": {
                  "type": "string",
                  "description": "Unit of measure for the maximum transaction amount"
                },
                "maxPerPeriodAmount": {
                  "anyOf": [
                    {
                      "type": "number"
                    },
                    {
                      "type": "null"
                    }
                  ],
                  "description": "Maximum amount, for all transactions during a transaction period, accepted for the payment method type"
                },
                "maxPerPeriodUnitOfMeasure": {
                  "type": "string",
                  "description": "Unit of measure for the maximum per period amount"
                },
                "maxPerPeriodTransactionCount": {
                  "anyOf": [
                    {
                      "type": "integer"
                    },
                    {
                      "type": "null"
                    }
                  ],
                  "description": "Maximum number of transactions accepted during a transaction period for the payment method type"
                },
                "auditInfo": {
                  "type": "object",
                  "description": "Audit information for the entity",
                  "additionalProperties": true,
                  "required": [
                    "createdBy",
                    "isDeleted",
                    "updatedBy",
                    "updatedDate",
                    "createdDate"
                  ],
                  "properties": {
                    "createdDate": {
                      "anyOf": [
                        {
                          "type": "string",
                          "format": "date-time"
                        },
                        {
                          "type": "null"
                        }
                      ],
                      "description": "Timestamp of when the entity was created"
                    },
                    "createdBy": {
                      "type": "string",
                      "description": "Identifies the system or user which created the entity"
                    },
                    "updatedDate": {
                      "anyOf": [
                        {
                          "type": "string",
                          "format": "date-time"
                        },
                        {
                          "type": "null"
                        }
                      ],
                      "description": "Timestamp of when the entity was last updated"
                    },
                    "updatedBy": {
                      "type": "string",
                      "description": "Identifies the system or user which last updated the entity"
                    },
                    "isDeleted": {
                      "anyOf": [
                        {
                          "type": "boolean"
                        },
                        {
                          "type": "null"
                        }
                      ],
                      "description": "Indicates whether or not the entity has been soft-deleted"
                    }
                  }
                }
              }
            }
          ],
          "description": "Actual type of payment, such as Cash Tender or Bank Transfer"
        },
        "paymentMethodStatus": {
          "type": "string",
          "description": "Status of the payment method"
        },
        "customerId": {
          "type": "string",
          "description": "References the customer the payment method belongs to"
        },
        "auditInfo": {
          "type": "object",
          "description": "Audit information for the entity",
          "additionalProperties": true,
          "required": [
            "createdBy",
            "isDeleted",
            "updatedBy",
            "updatedDate",
            "createdDate"
          ],
          "properties": {
            "createdDate": {
              "anyOf": [
                {
                  "type": "string",
                  "format": "date-time"
                },
                {
                  "type": "null"
                }
              ],
              "description": "Timestamp of when the entity was created"
            },
            "createdBy": {
              "type": "string",
              "description": "Identifies the system or user which created the entity"
            },
            "updatedDate": {
              "anyOf": [
                {
                  "type": "string",
                  "format": "date-time"
                },
                {
                  "type": "null"
                }
              ],
              "description": "Timestamp of when the entity was last updated"
            },
            "updatedBy": {
              "type": "string",
              "description": "Identifies the system or user which last updated the entity"
            },
            "isDeleted": {
              "anyOf": [
                {
                  "type": "boolean"
                },
                {
                  "type": "null"
                }
              ],
              "description": "Indicates whether or not the entity has been soft-deleted"
            }
          }
        }
      }
    }
  }
}