{"main":"fhir-r4-relatedperson-library.raml","name":"FHIR R4 RelatedPerson Library","classifier":"raml-fragment","tags":[],"groupId":"org.mule.templates","assetId":"fhir-r4-relatedperson-library","version":"1.0.2","apiVersion":"v1","dependencies":[{"groupId":"org.mule.templates","assetId":"fhir-r4-commons-library","version":"3.0.5","scope":"","classifier":"","packaging":""}],"metadata":{"projectId":"e9cba80d-cd31-498b-9f46-fb62580d262c","branchId":"master","commitId":"352cb34757d83b8bb71d8514a14f69c76ed32b0d"},"organizationId":"e0b4a150-f59b-46d4-ad25-5d98f9deb24a","originalFormatVersion":"1.0","descriptorVersion":"0.1.0"}