{
  "id": "021a697e-1865-4d8c-a9ab-9f0e575a847d",
  "name": "Shirt",
  "description": "All types of shirts",
  "activeFromDate": "2020-07-23",
  "activeToDate": "2024-07-23",
  "productCatalogId": "37dk0df9-11gl-33cz-p781-1242ac167762",
  "parentCategoryId": "",
  "isNavigational": false,
  "productCategoryProducts": [
    {
      "id": null,
      "productId": "87a8234e-bbf3-46ed-a94e-a128b959be07",
      "activeFromDate": "2021-12-12"
    }
  ],
  "auditInfo": {
    "createdDate": "2023-12-12T19:24:05Z",
    "createdBy": "Application Admin",
    "updatedDate": "2023-12-12T19:24:05Z",
    "updatedBy": "Application Admin",
    "isDeleted": true
  }
}