{
  "id": "e7e85b6b-3d6d-412f-9a94-b78a9b351513",
  "name": "Professional Services for MuleSoft",
  "productInstance": "ServiceProduct",
  "description": "Professional Services Statement of Work for Catalyst Launch",
  "productStatus": "Active",
  "productSku": "None",
  "suggestedRetailPrice": 20000.0,
  "serviceType": "Renewal",
  "serviceProviderId": "a5c77900-32c2-4957-bb25-f0b6989cace5",
  "servicePeriodCount": 12,
  "servicePeriodUnitOfMeasure": "Months",
  "evergreenContractEstimatedMonthCount": 12,
  "evergreenContractEstimatedChargeAmount": 20000.0,
  "rentalCleanupFeeAmount": null,
  "rentalTermViolationPenaltyAmount": null,
  "externalIds": [],
  "auditInfo": {
    "createdDate": "2023-12-12T19:24:05Z",
    "createdBy": "Application Admin",
    "updatedDate": "2023-12-12T19:24:05Z",
    "updatedBy": "Application Admin",
    "isDeleted": true
  }
}