{"main":"apicuentasfragments.raml","name":"apicuentasfragments","classifier":"raml","groupId":"49639555-335c-43bf-9697-856c374176c4","assetId":"apicuentasfragments","version":"1.0.0","apiVersion":"v1","dependencies":[{"groupId":"org.mule.templates","assetId":"accel-b2b-common-library","version":"1.0.10","scope":"","classifier":"","packaging":"","provided":false},{"groupId":"org.mule.templates","assetId":"fhir-r4-relatedperson-library","version":"1.0.2","scope":"","classifier":"","packaging":"","provided":false},{"groupId":"org.mule.templates","assetId":"fhir-r4-us-core-location-library","version":"1.0.0","scope":"","classifier":"","packaging":"","provided":false}],"organizationId":"49639555-335c-43bf-9697-856c374176c4","descriptorVersion":"1.0.0"}